SYMBOL,COMPANY NAME,SUBJECT,DETAILS,BROADCAST DATE/TIME,RECEIPT,DISSEMINATION,DIFFERENCE,ATTACHMENT,Date,Open,High,Low,Close,Adj Close,Volume,Dividends,Stock Splits,Next_Date,Sentiment
NESTLEIND,Nestle India Limited,Change in Directors/ Key Managerial Personnel/ Auditor/ Compliance Officer/ Share Transfer Agent,NESTLE INDIA LIMITED has informed the Exchange about Change in Directors/ Key Managerial Personnel/ Auditor/ Compliance Officer/ Share Transfer Agent,14-Feb-2024 23:09:42,2024-02-14 23:09:42,14-Feb-2024 23:09:49,00:00:07,https://nsearchives.nseindia.com/corporate/xbrl/NESTLEIND_14022024230942_CIM_19530_1055938_14022024110941_WEB.xml,14-02-2024,2450.0,2497.35009765625,2435.050048828125,2487.0,2480.0,509308,0.0,0.0,21-02-2024,0
NESTLEIND,Nestle India Limited,Outcome of Board Meeting-XBRL,Nestle India Limited has informed the Exchange regarding Outcome of Board Meeting held on 07-Feb-2024 for Dividend,07-Feb-2024 17:05:48,2024-02-07 17:05:48,07-Feb-2024 17:05:54,00:00:06,https://nsearchives.nseindia.com/corporate/xbrl/NESTLEIND_07022024170548_OUTCOME_1047018_07022024050547_WEB.xml,07-02-2024,2470.0,2511.550048828125,2446.699951171875,2499.60009765625,2492.564697265625,1547404,0.0,0.0,14-02-2024,0
NESTLEIND,Nestle India Limited,Sale or disposal-XBRL,Nestle India Limited has informed the Exchange regarding Sale or disposal of unit(s)/division(s)/subsidiary,07-Feb-2024 17:03:42,2024-02-07 17:03:42,07-Feb-2024 17:03:52,00:00:10,https://nsearchives.nseindia.com/corporate/xbrl/NESTLEIND_07022024170342_REG30_Restructuring_1047007_07022024050341_WEB.xml,07-02-2024,2470.0,2511.550048828125,2446.699951171875,2499.60009765625,2492.564697265625,1547404,0.0,0.0,14-02-2024,0
NESTLEIND,Nestle India Limited,Record Date,Nestle India Limited has informed the Exchange that Record date for the purpose of Dividend  is 15-Feb-2024.,07-Feb-2024 13:12:01,2024-02-07 13:12:01,07-Feb-2024 13:12:08,00:00:07,https://nsearchives.nseindia.com/corporate/NESTLEIND_07022024131201_BSENSECOVERINGsigned.pdf,07-02-2024,2470.0,2511.550048828125,2446.699951171875,2499.60009765625,2492.564697265625,1547404,0.0,0.0,14-02-2024,0
NESTLEIND,Nestle India Limited,Restructuring,Nestle India Limited has informed the Exchange regarding the sale of Nestlￃﾩ Business Services ( NBS ) Division to a related party,07-Feb-2024 12:46:39,2024-02-07 12:46:39,07-Feb-2024 12:46:47,00:00:08,https://nsearchives.nseindia.com/corporate/NESTLEIND_07022024124639_BSENSECOVERINGsigned.pdf,07-02-2024,2470.0,2511.550048828125,2446.699951171875,2499.60009765625,2492.564697265625,1547404,0.0,0.0,14-02-2024,0
NESTLEIND,Nestle India Limited,Press Release,"Nestle India Limited has informed the Exchange regarding a press release dated February 07, 2024, titled ""Strong momentum in a challenging environment"".",07-Feb-2024 12:44:51,2024-02-07 12:44:51,07-Feb-2024 12:44:55,00:00:04,https://nsearchives.nseindia.com/corporate/NESTLEIND_07022024124451_BSENSECOVERINGsigned.pdf,07-02-2024,2470.0,2511.550048828125,2446.699951171875,2499.60009765625,2492.564697265625,1547404,0.0,0.0,14-02-2024,0
NESTLEIND,Nestle India Limited,Outcome of Board Meeting,"Nestle India Limited has informed the Exchange regarding Outcome of Board Meeting held on February 07, 2024 regarding sale of Nestlￃﾩ Business Services ( NBS ) Division to a related party",07-Feb-2024 12:43:43,2024-02-07 12:43:43,07-Feb-2024 12:43:49,00:00:06,https://nsearchives.nseindia.com/corporate/NESTLEIND_07022024124343_BSENSECOVERINGsigned.pdf,07-02-2024,2470.0,2511.550048828125,2446.699951171875,2499.60009765625,2492.564697265625,1547404,0.0,0.0,14-02-2024,0
NESTLEIND,Nestle India Limited,Dividend,"Nestle India Limited has informed the Exchange that Board of Directors at its meeting held on February 07, 2024, declared Interim Dividend of 7 per equity share.",07-Feb-2024 12:38:48,2024-02-07 12:38:48,07-Feb-2024 12:38:54,00:00:06,https://nsearchives.nseindia.com/corporate/NESTLEIND_07022024123848_BSENSECOVERINGsigned.pdf,07-02-2024,2470.0,2511.550048828125,2446.699951171875,2499.60009765625,2492.564697265625,1547404,0.0,0.0,14-02-2024,0
NESTLEIND,Nestle India Limited,Financial Result Updates,"Nestle India Limited has submitted to the Exchange, the financial results for the period ended December 31, 2023.",07-Feb-2024 12:37:00,2024-02-07 12:37:00,07-Feb-2024 12:37:06,00:00:06,https://nsearchives.nseindia.com/corporate/BSENSECOVERINGsigned_07022024123700.pdf,07-02-2024,2470.0,2511.550048828125,2446.699951171875,2499.60009765625,2492.564697265625,1547404,0.0,0.0,14-02-2024,0
NESTLEIND,Nestle India Limited,Updates,Nestle India Limited has informed the Exchange regarding 'Disclosure of changes in the Senior Management of the Company'.,31-Jan-2024 14:54:59,2024-01-31 14:54:59,31-Jan-2024 14:55:05,00:00:06,https://nsearchives.nseindia.com/corporate/NESTLEIND_31012024145459_BSENSEINTIMATION31012024signed.pdf,31-01-2024,2509.0,2511.75,2481.699951171875,2506.0,2498.946533203125,716094,0.0,0.0,07-02-2024,0
NESTLEIND,Nestle India Limited,Board Meeting Intimation,NESTLE INDIA LIMITED has informed the Exchange about Board Meeting to be held on 07-Feb-2024 to consider Dividend.,23-Jan-2024 19:07:14,2024-01-23 19:07:14,23-Jan-2024 19:07:25,00:00:11,https://nsearchives.nseindia.com/corporate/xbrl/NESTLEIND_23012024190714_PRIOR_INTIMATION_17008_1034194_23012024070713_WEB.xml,23-01-2024,2480.0,2498.199951171875,2446.0,2462.89990234375,2455.9677734375,690538,0.0,0.0,31-01-2024,0
NESTLEIND,Nestle India Limited,Loss/Duplicate-Share Certificate-XBRL,NESTLE INDIA LIMITED has informed the Exchange about Loss of share certificates,11-Jan-2024 19:02:33,2024-01-11 19:02:33,11-Jan-2024 19:02:37,00:00:04,https://nsearchives.nseindia.com/corporate/xbrl/NESTLEIND_11012024190233_LOSS_OF_SHARE_1017284_11012024070232_WEB.xml,11-01-2024,2580.0,2589.949951171875,2550.10009765625,2557.199951171875,2550.00244140625,775667,0.0,0.0,18-01-2024,0
NESTLEIND,Nestle India Limited,Loss of Share Certificates,Nestle India Limited has informed the Exchange about Loss of Share Certificates,11-Jan-2024 19:01:12,2024-01-11 19:01:12,11-Jan-2024 19:01:18,00:00:06,https://nsearchives.nseindia.com/corporate/NESTLEIND_11012024190112_STXForUpload11012024signed.pdf,11-01-2024,2580.0,2589.949951171875,2550.10009765625,2557.199951171875,2550.00244140625,775667,0.0,0.0,18-01-2024,0
NESTLEIND,Nestle India Limited,"Certificate under SEBI (Depositories and Participants) Regulations, 2018","Nestle India Limited has informed the Exchange about Certificate under SEBI (Depositories and Participants) Regulations, 2018",08-Jan-2024 18:55:16,2024-01-08 18:55:16,08-Jan-2024 18:55:21,00:00:05,https://nsearchives.nseindia.com/corporate/NESTLEIND_08012024185516_STXintimationDP74_5_certificateSigned.pdf,08-01-2024,2683.0,2689.0,2611.0,2619.300048828125,2611.927734375,1032378,0.0,0.0,15-01-2024,0
NESTLEIND,Nestle India Limited,Updates,"Nestle India Limited has informed the Exchange regarding 'Regulation 30 and Schedule III of the SEBI (Listing Obligations and Disclosure Requirements) Regulations, 2015 ( Listing Regulations ): Intimation regarding receipt of an Order-in-Original from Customs Department, Chennai '.",08-Jan-2024 18:44:26,2024-01-08 18:44:26,08-Jan-2024 18:44:36,00:00:10,https://nsearchives.nseindia.com/corporate/NESTLEIND_08012024184426_BSENSEINTIMATIONOFORDER08012024signed.pdf,08-01-2024,2683.0,2689.0,2611.0,2619.300048828125,2611.927734375,1032378,0.0,0.0,15-01-2024,0
NESTLEIND,Nestle India Limited,Updates,"Nestle India Limited has informed the Exchange regarding 'Intimation regarding receipt of an Order from Deputy Commissioner of State Tax, Patliputra, Central, Bihar for tax period July 2017- March 2018'.",02-Jan-2024 17:44:15,2024-01-02 17:44:15,02-Jan-2024 17:44:20,00:00:05,https://nsearchives.nseindia.com/corporate/NESTLEIND_02012024174415_STXIntimationGSTOrder02012024signed.pdf,02-01-2024,2750.0,2769.300048828125,2702.405029296875,2722.31494140625,2714.652587890625,1415770,0.0,0.0,09-01-2024,0
NESTLEIND,Nestle India Limited,Updates,"Nestle India Limited has informed the Exchange regarding 'Intimation regarding receipt of an Order from GST Department, Chandigarh for tax period 2017-18 to July 2023'.",01-Jan-2024 18:12:00,2024-01-01 18:12:00,01-Jan-2024 18:12:05,00:00:05,https://nsearchives.nseindia.com/corporate/NESTLEIND_01012024181200_BSENSEIntimationforreceiptoforderdated01012024SecondmentIssue_signed.pdf,01-01-2024,2665.0,2744.52490234375,2664.0,2737.239990234375,2729.53564453125,1316100,0.0,0.0,08-01-2024,0
NESTLEIND,Nestle India Limited,Loss/Duplicate-Share Certificate-XBRL,NESTLE INDIA LIMITED has informed the Exchange about Loss of share certificates,28-Dec-2023 18:00:22,2023-12-28 18:00:22,28-Dec-2023 18:00:29,00:00:07,https://nsearchives.nseindia.com/corporate/xbrl/NESTLEIND_28122023180022_LOSS_OF_SHARE_1003734_28122023060022_WEB.xml,28-12-2023,2586.985107421875,2637.39990234375,2577.52001953125,2624.989990234375,2617.6015625,1577720,0.0,0.0,04-01-2024,0
NESTLEIND,Nestle India Limited,Loss of Share Certificates,Nestle India Limited has informed the Exchange about Loss of Share Certificates,28-Dec-2023 17:58:53,2023-12-28 17:58:53,28-Dec-2023 17:58:59,00:00:06,https://nsearchives.nseindia.com/corporate/NESTLEIND_28122023175853_STXLetter28122023signed.pdf,28-12-2023,2586.985107421875,2637.39990234375,2577.52001953125,2624.989990234375,2617.6015625,1577720,0.0,0.0,04-01-2024,0
NESTLEIND,Nestle India Limited,Updates,"Nestle India Limited has informed the Exchange regarding 'Regulation 30 and Schedule III of the SEBI (Listing Obligations and Disclosure Requirements)Regulations, 2015 ( Listing Regulations ): Intimation regarding receipt of an Order from GSTDepartment, Tamil Nadu for the tax period 2017-2020'.",28-Dec-2023 17:54:42,2023-12-28 17:54:42,28-Dec-2023 17:54:47,00:00:05,https://nsearchives.nseindia.com/corporate/NESTLEIND_28122023175442_BSENSEIntimationforreceiptofOrderGST28122023signed.pdf,28-12-2023,2586.985107421875,2637.39990234375,2577.52001953125,2624.989990234375,2617.6015625,1577720,0.0,0.0,04-01-2024,0
NESTLEIND,Nestle India Limited,Updates,Nestle India Limited has informed the Exchange regarding 'Copy of newspaper advertisement for issue of Letter of Confirmation/ Entitlement Letter in lieu of Duplicate Share Certificates for share certificates reported lost'.,27-Dec-2023 17:24:18,2023-12-27 17:24:18,27-Dec-2023 17:24:25,00:00:07,https://nsearchives.nseindia.com/corporate/NESTLEIND_27122023172418_STXIntimationDec23signed.pdf,27-12-2023,2560.0,2576.794921875,2558.050048828125,2572.044921875,2564.805419921875,714160,0.0,0.0,03-01-2024,0
NESTLEIND,Nestle India Limited,Loss/Duplicate-Share Certificate-XBRL,NESTLE INDIA LIMITED has informed the Exchange about Loss of share certificates,21-Dec-2023 19:55:37,2023-12-21 19:55:37,21-Dec-2023 19:55:43,00:00:06,https://nsearchives.nseindia.com/corporate/xbrl/NESTLEIND_21122023195537_LOSS_OF_SHARE_1000174_21122023075536_WEB.xml,21-12-2023,2509.77490234375,2524.800048828125,2490.77001953125,2511.5849609375,2504.515625,1106380,0.0,0.0,29-12-2023,1
NESTLEIND,Nestle India Limited,Loss of Share Certificates,Nestle India Limited has informed the Exchange about Loss of Share Certificates,21-Dec-2023 19:40:57,2023-12-21 19:40:57,21-Dec-2023 19:41:03,00:00:06,https://nsearchives.nseindia.com/corporate/NESTLEIND_21122023194057_STXIntimationLossofsharessigned.pdf,21-12-2023,2509.77490234375,2524.800048828125,2490.77001953125,2511.5849609375,2504.515625,1106380,0.0,0.0,29-12-2023,1
NESTLEIND,Nestle India Limited,Trading Window-XBRL,NESTLE INDIA LIMITED has informed the Exchange about Closure of Trading Window,19-Dec-2023 19:37:17,2023-12-19 19:37:17,19-Dec-2023 19:37:23,00:00:06,https://nsearchives.nseindia.com/corporate/xbrl/NESTLEIND_19122023193717_CLOSURE_TRADING_WINDOW_999051_19122023073716_WEB.xml,19-12-2023,2456.97998046875,2570.5,2451.090087890625,2548.969970703125,2541.79541015625,3528660,0.0,0.0,27-12-2023,0
NESTLEIND,Nestle India Limited,Board Meeting Intimation,NESTLE INDIA LIMITED has informed the Exchange about Board Meeting to be held on 07-Feb-2024 to inter-alia consider and approve the Unaudited Financial results of the Company for the Quarterly ended December 2023 .,19-Dec-2023 19:36:03,2023-12-19 19:36:03,19-Dec-2023 19:36:10,00:00:07,https://nsearchives.nseindia.com/corporate/xbrl/NESTLEIND_19122023193604_PRIOR_INTIMATION_15274_999050_19122023073603_WEB.xml,19-12-2023,2456.97998046875,2570.5,2451.090087890625,2548.969970703125,2541.79541015625,3528660,0.0,0.0,27-12-2023,0
NESTLEIND,Nestle India Limited,Trading Window,"Nestle India Limited has informed the Exchange regarding the Trading Window closure pursuant to SEBI (Prohibition of Insider Trading) Regulations, 2015",19-Dec-2023 19:21:32,2023-12-19 19:21:32,19-Dec-2023 19:21:37,00:00:05,https://nsearchives.nseindia.com/corporate/NESTLEIND_19122023192132_BSENSEINTIMATIONTWCsigned.pdf,19-12-2023,2456.97998046875,2570.5,2451.090087890625,2548.969970703125,2541.79541015625,3528660,0.0,0.0,27-12-2023,0
NESTLEIND,Nestle India Limited,Record Date,Nestle India Limited has informed the Exchange that Record Date for the purpose of Split/Subdivision is 05-Jan-2024.,18-Dec-2023 17:38:40,2023-12-18 17:38:40,18-Dec-2023 17:38:45,00:00:05,https://nsearchives.nseindia.com/corporate/NESTLEIND_18122023173840_BSENSEintimationofrecorddateforsplitsigned.pdf,18-12-2023,2445.0,2458.06005859375,2429.89990234375,2435.425048828125,2428.570068359375,663240,0.0,0.0,26-12-2023,0
NESTLEIND,Nestle India Limited,Shareholders meeting,"Nestle India Limited has submitted the Exchange a copy Srutinizers report of  Postal Ballot. Further, the company has informed the Exchange regarding voting results.",08-Dec-2023 19:18:09,2023-12-08 19:18:09,08-Dec-2023 19:18:21,00:00:12,https://nsearchives.nseindia.com/corporate/NESTLEIND_08122023191809_BSENSEPostalBallotRESULTS08122023signed.pdf,08-12-2023,2499.5,2517.570068359375,2475.635009765625,2478.9599609375,2471.982666015625,700760,0.0,0.0,15-12-2023,0
NESTLEIND,Nestle India Limited,Updates,"Nestle India Limited has informed the Exchange regarding 'Regulation 39(3) of the SEBI (Listing Obligations and Disclosure Requirements) Regulations, 2015 (""Listing Regulations"")   Information regarding issue of Letter of Confirmation in lieu of share certificates reported lost'.",05-Dec-2023 18:24:31,2023-12-05 18:24:31,05-Dec-2023 18:24:35,00:00:04,https://nsearchives.nseindia.com/corporate/NESTLEIND_05122023182431_STXIntimationforLOC5Dec23.pdf,05-12-2023,2445.10009765625,2467.385009765625,2440.280029296875,2460.889892578125,2453.96337890625,671870,0.0,0.0,12-12-2023,0
NESTLEIND,Nestle India Limited,Updates,Nestle India Limited has informed the Exchange regarding 'Issue of Letter of Confirmation/ Entitlement Letter in lieu of Duplicate ShareCertificates for share certificates reported lost in case no objection received'.,29-Nov-2023 15:51:56,2023-11-29 15:51:56,29-Nov-2023 15:52:01,00:00:05,https://nsearchives.nseindia.com/corporate/NESTLEIND_29112023155156_STXIntimationIssueofLOCNewspaperAdv29112023signed.pdf,29-11-2023,2422.10009765625,2433.5,2401.10498046875,2406.75,2399.975830078125,627150,0.0,0.0,06-12-2023,0
NESTLEIND,Nestle India Limited,Updates,Nestle India Limited has informed the Exchange regarding 'Issue of Letter of Confirmation / Entitlement Letter in lieu of New Design Share Certificates to be issued for Old Design Share Certificates reported lost'.,24-Nov-2023 18:24:12,2023-11-24 18:24:12,24-Nov-2023 18:24:19,00:00:07,https://nsearchives.nseindia.com/corporate/NESTLEIND_24112023182412_STXIntimation24112023signed.pdf,24-11-2023,2445.0,2447.284912109375,2410.804931640625,2413.89501953125,2407.100830078125,404120,0.0,0.0,04-12-2023,0
NESTLEIND,Nestle India Limited,Updates,Nestle India Limited has informed the Exchange regarding 'issue of Letter of Confirmation in lieu of duplicate share certificate(s) reported lost'.,20-Nov-2023 18:47:04,2023-11-20 18:47:04,20-Nov-2023 18:47:09,00:00:05,https://nsearchives.nseindia.com/corporate/NESTLEIND_20112023184704_LOCissueSTX20112023Signed.pdf,20-11-2023,2437.5048828125,2440.3798828125,2416.60009765625,2430.2548828125,2423.41455078125,541150,0.0,0.0,28-11-2023,0
NESTLEIND,Nestle India Limited,Copy of Newspaper Publication,"Nestle India Limited has informed the Exchange about Copy of Newspaper Publication published in the columns of English Daily  Financial Express  Delhi and Mumbai edition and Hindi Daily  Jansatta  Delhi edition on 9th November 2023, both newspapers having electronic edition, regarding completion of dispatch of Postal Ballot Notice electronically",09-Nov-2023 14:52:00,2023-11-09 14:52:00,09-Nov-2023 14:52:12,00:00:12,https://nsearchives.nseindia.com/corporate/NESTLEIND_09112023145200_BSENSENEWSPAPERAD09112023Signed.pdf,09-11-2023,2435.0,2441.5,2419.235107421875,2422.675048828125,2415.85595703125,422230,0.0,0.0,17-11-2023,0
NESTLEIND,Nestle India Limited,Notice Of Shareholders Meetings-XBRL,Nestle India Limited has informed the Exchange about Notice of Shareholders Meeting for Postal Ballot,07-Nov-2023 19:21:21,2023-11-07 19:21:21,07-Nov-2023 19:21:26,00:00:05,https://nsearchives.nseindia.com/corporate/xbrl/NESTLEIND_07112023192121_NOTICE_OF_SHAREHOLDERS_MEETINGS_979539_07112023072120_WEB.xml,07-11-2023,2428.699951171875,2448.0,2412.0048828125,2436.949951171875,2430.0908203125,529650,0.0,0.0,15-11-2023,0
NESTLEIND,Nestle India Limited,Shareholders meeting,Nestle India Limited has informed the Exchange regarding Notice of Postal Ballot,07-Nov-2023 18:59:06,2023-11-07 18:59:06,07-Nov-2023 18:59:13,00:00:07,https://nsearchives.nseindia.com/corporate/NESTLEIND_07112023185906_BseNsePostalBallotNoticeSplit.pdf,07-11-2023,2428.699951171875,2448.0,2412.0048828125,2436.949951171875,2430.0908203125,529650,0.0,0.0,15-11-2023,0
NESTLEIND,Nestle India Limited,Updates,Nestle India Limited has informed the Exchange regarding 'Issue of Letter of Confirmation / Entitlement Letter in lieu of New Design Share Certificates to be issued for Old Design Share Certificates reported lost'.,07-Nov-2023 16:47:04,2023-11-07 16:47:04,07-Nov-2023 16:47:14,00:00:10,https://nsearchives.nseindia.com/corporate/NESTLEIND_07112023164704_STXIntimationOldDesign.pdf,07-11-2023,2428.699951171875,2448.0,2412.0048828125,2436.949951171875,2430.0908203125,529650,0.0,0.0,15-11-2023,0
NESTLEIND,Nestle India Limited,Updates,"Nestle India Limited has informed the Exchange regarding 'Nestle India Limited has informed the Exchange regarding 'Regulation 39(3) of the SEBI (Listing Obligations and Disclosure Requirements) Regulations, 2015:Information regarding issue of Letter of Confirmation/ Entitlement Letter in lieu of Duplicate ShareCertificates for share certificates reported lost' in case no objection received",31-Oct-2023 19:30:46,2023-10-31 19:30:46,31-Oct-2023 19:31:01,00:00:15,https://nsearchives.nseindia.com/corporate/NESTLEIND_31102023193046_STXintimationLetterfornewspaperadvtsigned.pdf,31-10-2023,2430.0,2433.0,2412.205078125,2423.47998046875,2402.697998046875,516390,0.0,0.0,07-11-2023,0
NESTLEIND,Nestle India Limited,Analysts/Institutional Investor Meet/Con. Call Updates,Nestle India Limited has informed the Exchange about Transcript,31-Oct-2023 17:30:40,2023-10-31 17:30:40,31-Oct-2023 17:30:51,00:00:11,https://nsearchives.nseindia.com/corporate/NESTLEIND_31102023173040_BSENSETRANSCRIPTsigned.pdf,31-10-2023,2430.0,2433.0,2412.205078125,2423.47998046875,2402.697998046875,516390,0.0,0.0,07-11-2023,0
NESTLEIND,Nestle India Limited,Analysts/Institutional Investor Meet/Con. Call Updates,Nestle India Limited has informed the Exchange about Link of Recording,26-Oct-2023 08:29:36,2023-10-26 08:29:36,26-Oct-2023 08:29:42,00:00:06,https://nsearchives.nseindia.com/corporate/NESTLEIND_26102023082936_BSENSERECORDING25102023signed.pdf,26-10-2023,2426.0,2426.06005859375,2342.10009765625,2354.56005859375,2334.369384765625,1269400,0.0,0.0,02-11-2023,0
NESTLEIND,Nestle India Limited,Investor Presentation,Nestle India Limited has informed the Exchange about Investor Presentation,25-Oct-2023 15:27:01,2023-10-25 15:27:01,25-Oct-2023 15:27:07,00:00:06,https://nsearchives.nseindia.com/corporate/NESTLEIND_25102023152701_BSENSEINVESTORSMEET25102023signed.pdf,25-10-2023,2428.0,2452.969970703125,2415.31005859375,2426.27001953125,2405.46435546875,1113500,0.0,0.0,01-11-2023,0
NESTLEIND,Nestle India Limited,Outcome of Board Meeting-XBRL,Nestle India Limited has informed the Exchange regarding Outcome of Board Meeting held on 19-Oct-2023 for Dividend,19-Oct-2023 19:31:21,2023-10-19 19:31:21,19-Oct-2023 19:31:27,00:00:06,https://nsearchives.nseindia.com/corporate/xbrl/NESTLEIND_19102023193121_OUTCOME_961471_19102023073120_WEB.xml,19-10-2023,2325.68994140625,2422.699951171875,2310.050048828125,2413.235107421875,2392.541015625,2924120,0.0,0.0,27-10-2023,0
NESTLEIND,Nestle India Limited,Other Restructuring-XBRL,Nestle India Limited has informed the Exchange regarding Other Restructuring,19-Oct-2023 19:24:03,2023-10-19 19:24:03,19-Oct-2023 19:24:11,00:00:08,https://nsearchives.nseindia.com/corporate/xbrl/NESTLEIND_19102023192403_REG30_Restructuring_961448_19102023072403_WEB.xml,19-10-2023,2325.68994140625,2422.699951171875,2310.050048828125,2413.235107421875,2392.541015625,2924120,0.0,0.0,27-10-2023,0
NESTLEIND,Nestle India Limited,Scheme of Arrangement,Nestle India Limited has informed the Exchange about Scheme of Arrangement,19-Oct-2023 19:04:15,2023-10-19 19:04:15,19-Oct-2023 19:04:22,00:00:07,https://nsearchives.nseindia.com/corporate/NESTLEIND_19102023190415_BSENSESCHEME19102023signed.pdf,19-10-2023,2325.68994140625,2422.699951171875,2310.050048828125,2413.235107421875,2392.541015625,2924120,0.0,0.0,27-10-2023,0
NESTLEIND,Nestle India Limited,Alteration Of Capital and Fund Raising-XBRL,NESTLE INDIA LIMITED has informed the Exchange regarding Alteration of capital,19-Oct-2023 11:55:24,2023-10-19 11:55:24,19-Oct-2023 11:55:33,00:00:09,https://nsearchives.nseindia.com/corporate/xbrl/NESTLEIND_19102023115524_ALTERATION_OF_CAPITAL_AND_FUND_RAISING_959492_19102023115523_WEB.xml,19-10-2023,2325.68994140625,2422.699951171875,2310.050048828125,2413.235107421875,2392.541015625,2924120,0.0,0.0,27-10-2023,0
NESTLEIND,Nestle India Limited,Press Release,"Nestle India Limited has informed the Exchange regarding a press release dated October 19, 2023, titled ""Press Release relating to the unaudited financial results"".",19-Oct-2023 11:15:31,2023-10-19 11:15:31,19-Oct-2023 11:15:37,00:00:06,https://nsearchives.nseindia.com/corporate/NESTLEIND_19102023111531_PressReleaseBSENSEsigned.pdf,19-10-2023,2325.68994140625,2422.699951171875,2310.050048828125,2413.235107421875,2392.541015625,2924120,0.0,0.0,27-10-2023,0
NESTLEIND,Nestle India Limited,Stock split,"Nestle India Limited has informed the Exchange that the Board of Directors at its meeting held on October 19, 2023, has considered and approved subdivision of 96415716 equity shares of 10 each into 964157160 equity shares of 1 each.",19-Oct-2023 11:09:12,2023-10-19 11:09:12,19-Oct-2023 11:09:20,00:00:08,https://nsearchives.nseindia.com/corporate/NESTLEIND_19102023110912_BSENSE19102023signed.pdf,19-10-2023,2325.68994140625,2422.699951171875,2310.050048828125,2413.235107421875,2392.541015625,2924120,0.0,0.0,27-10-2023,0
NESTLEIND,Nestle India Limited,Dividend,"Nestle India Limited has informed the Exchange that Board of Directors at its meeting held on October 19, 2023, declared Interim Dividend of 140 per equity share.",19-Oct-2023 11:07:51,2023-10-19 11:07:51,19-Oct-2023 11:08:03,00:00:12,https://nsearchives.nseindia.com/corporate/NESTLEIND_19102023110751_BSENSE19102023signed.pdf,19-10-2023,2325.68994140625,2422.699951171875,2310.050048828125,2413.235107421875,2392.541015625,2924120,0.0,0.0,27-10-2023,0
NESTLEIND,Nestle India Limited,Record Date,Nestle India Limited has informed the Exchange that Record date for the purpose of Dividend  is 01-Nov-2023.,19-Oct-2023 11:04:58,2023-10-19 11:04:58,19-Oct-2023 11:05:03,00:00:05,https://nsearchives.nseindia.com/corporate/NESTLEIND_19102023110458_BSENSE19102023signed.pdf,19-10-2023,2325.68994140625,2422.699951171875,2310.050048828125,2413.235107421875,2392.541015625,2924120,0.0,0.0,27-10-2023,0
NESTLEIND,Nestle India Limited,Amendment to AOA/MOA,Nestle India Limited has informed the Exchange regarding the Amendment to AOA/MOA of the company.,19-Oct-2023 11:02:07,2023-10-19 11:02:07,19-Oct-2023 11:02:17,00:00:10,https://nsearchives.nseindia.com/corporate/NESTLEIND_19102023110207_BSENSE19102023signed.pdf,19-10-2023,2325.68994140625,2422.699951171875,2310.050048828125,2413.235107421875,2392.541015625,2924120,0.0,0.0,27-10-2023,0
NESTLEIND,Nestle India Limited,Stock split,"Nestle India Limited has informed the Exchange that the Board of Directors at its meeting held on October 19, 2023, has considered and approved subdivision of 1 equity shares of Rs. 10 each into 964157160 equity shares of Re. 1 each.",19-Oct-2023 11:00:18,2023-10-19 11:00:18,19-Oct-2023 11:00:29,00:00:11,https://nsearchives.nseindia.com/corporate/NESTLEIND_19102023110018_BSENSE19102023signed.pdf,19-10-2023,2325.68994140625,2422.699951171875,2310.050048828125,2413.235107421875,2392.541015625,2924120,0.0,0.0,27-10-2023,0
NESTLEIND,Nestle India Limited,Dividend,"Nestle India Limited has informed the Exchange that Board of Directors at its meeting held on October 19, 2023, declared Interim Dividend of Rs. 140 per equity share.",19-Oct-2023 10:59:04,2023-10-19 10:59:04,19-Oct-2023 10:59:13,00:00:09,https://nsearchives.nseindia.com/corporate/NESTLEIND_19102023105904_BSENSE19102023signed.pdf,19-10-2023,2325.68994140625,2422.699951171875,2310.050048828125,2413.235107421875,2392.541015625,2924120,0.0,0.0,27-10-2023,0
NESTLEIND,Nestle India Limited,Financial Result Updates,"Nestle India Limited has submitted to the Exchange, the financial results for the period ended September 30, 2023.",19-Oct-2023 10:53:01,2023-10-19 10:53:01,19-Oct-2023 10:53:10,00:00:09,https://nsearchives.nseindia.com/corporate/BSENSE19102023signed_19102023105301.pdf,19-10-2023,2325.68994140625,2422.699951171875,2310.050048828125,2413.235107421875,2392.541015625,2924120,0.0,0.0,27-10-2023,0
NESTLEIND,Nestle India Limited,Updates,Nestle India Limited has informed the Exchange regarding 'Information regarding issue of Letter of Confirmation / Entitlement Letter in lieu of New Design Share Certificates to be issued for Old Design Share Certificates reported lost'.,13-Oct-2023 17:19:17,2023-10-13 17:19:17,13-Oct-2023 17:19:22,00:00:05,https://nsearchives.nseindia.com/corporate/NESTLEIND_13102023171917_DuplicateSTXIntimationSeptemberSigned.pdf,13-10-2023,2307.5048828125,2359.985107421875,2295.5400390625,2355.43505859375,2335.23681640625,907910,0.0,0.0,20-10-2023,0
NESTLEIND,Nestle India Limited,Updates,"Nestle India Limited has informed the Exchange regarding 'Regulation 30 of SEBI (Listing Obligations and Disclosure Requirements) Regulations, 2015( Listing Regulations )   Disclosure of change in the Senior Management of the Company'.",11-Oct-2023 14:53:32,2023-10-11 14:53:32,11-Oct-2023 14:53:37,00:00:05,https://nsearchives.nseindia.com/corporate/NESTLEIND_11102023145332_BSENSEIntimationforchangeinseniormanagement111023signed.pdf,11-10-2023,2296.804931640625,2327.389892578125,2293.0,2320.205078125,2300.308837890625,673380,0.0,0.0,18-10-2023,0
NESTLEIND,Nestle India Limited,Analysts/Institutional Investor Meet/Con. Call Updates,Nestle India Limited has informed the Exchange about Schedule of meet,10-Oct-2023 18:32:29,2023-10-10 18:32:29,10-Oct-2023 18:32:34,00:00:05,https://nsearchives.nseindia.com/corporate/NESTLEIND_10102023183229_BSENSEINVESTORSCALL10102023signed.pdf,10-10-2023,2296.0,2301.699951171875,2282.534912109375,2296.804931640625,2277.109375,396630,0.0,0.0,17-10-2023,0
NESTLEIND,Nestle India Limited,"Certificate under SEBI (Depositories and Participants) Regulations, 2018","Nestle India Limited has informed the Exchange about Certificate under regulaton 74(5) of SEBI (Depositories and Participants) Regulations, 2018 for the quarter ended 30th September 2023",09-Oct-2023 18:48:31,2023-10-09 18:48:31,09-Oct-2023 18:48:39,00:00:08,https://nsearchives.nseindia.com/corporate/NESTLEIND_09102023184831_Certificate74.pdf,09-10-2023,2281.205078125,2298.080078125,2280.0,2288.18505859375,2268.5634765625,237550,0.0,0.0,16-10-2023,0
NESTLEIND,Nestle India Limited,Updates,"Nestle India Limited has informed the Exchange regarding 'Regulation 39(3) of the SEBI (Listing Obligations and Disclosure Requirements) Regulations, 2015(""Listing Regulations"")   Information regarding issue of Letter of Confirmation in lieu of sharecertificates reported lost'.",06-Oct-2023 18:23:57,2023-10-06 18:23:57,06-Oct-2023 18:24:01,00:00:04,https://nsearchives.nseindia.com/corporate/NESTLEIND_06102023182357_BSENSEintimationforissueofLOCSIGNED.pdf,06-10-2023,2298.9951171875,2306.760009765625,2281.489990234375,2291.22509765625,2271.577392578125,388120,0.0,0.0,13-10-2023,0
NESTLEIND,Nestle India Limited,Updates,"Nestle India Limited has informed the Exchange regarding 'Regulation 39(3) of the SEBI (Listing Obligations and Disclosure Requirements) Regulations, 2015:Information regarding issue of Letter of Confirmation/ Entitlement Letter in lieu of Duplicate ShareCertificates for share certificates reported lost'.",06-Oct-2023 18:20:15,2023-10-06 18:20:15,06-Oct-2023 18:20:21,00:00:06,https://nsearchives.nseindia.com/corporate/NESTLEIND_06102023182015_BSENSEintimationLetterfornewspaperadvt05102023signed.pdf,06-10-2023,2298.9951171875,2306.760009765625,2281.489990234375,2291.22509765625,2271.577392578125,388120,0.0,0.0,13-10-2023,0
NESTLEIND,Nestle India Limited,Board Meeting Intimation,NESTLE INDIA LIMITED has informed the Exchange about Board Meeting to be held on 19-Oct-2023 to consider and approve the Quarterly Unaudited Financial results of the Company for the period ended September 2023 and Dividend/Stock split.,03-Oct-2023 22:08:19,2023-10-03 22:08:19,03-Oct-2023 22:08:25,00:00:06,https://nsearchives.nseindia.com/corporate/xbrl/NESTLEIND_03102023220820_PRIOR_INTIMATION_11164_939618_03102023100819_WEB.xml,03-10-2023,2250.68994140625,2259.469970703125,2225.514892578125,2231.52490234375,2212.38916015625,500130,0.0,0.0,10-10-2023,0
NESTLEIND,Nestle India Limited,Record Date,"Record Date of 1st November 2023 for determining the entitlement of second interim dividend for the year 2023, if any, and date of payment of second interim dividend for the year 2023, if any, on and from 16th November 2023",03-Oct-2023 20:11:11,2023-10-03 20:11:11,03-Oct-2023 20:11:15,00:00:04,https://nsearchives.nseindia.com/corporate/NESTLEIND_03102023201111_BSENSERECORDDATE03102023signed.pdf,03-10-2023,2250.68994140625,2259.469970703125,2225.514892578125,2231.52490234375,2212.38916015625,500130,0.0,0.0,10-10-2023,0
NESTLEIND,Nestle India Limited,Trading Window,"Nestle India Limited has informed the Exchange regarding the Trading Window closure pursuant to SEBI (Prohibition of Insider Trading) Regulations, 2015",26-Sep-2023 18:11:16,2023-09-26 18:11:16,26-Sep-2023 18:11:20,00:00:04,https://nsearchives.nseindia.com/corporate/NESTLEIND_26092023181116_STXIntimation26sep2023_signed.pdf,26-09-2023,2270.0,2306.2900390625,2259.60498046875,2300.554931640625,2280.8271484375,660010,0.0,0.0,04-10-2023,0
NESTLEIND,Nestle India Limited,Board Meeting Intimation,NESTLE INDIA LIMITED has informed the Exchange about Board Meeting to be held on 19-Oct-2023 to inter-alia consider and approve the Unaudited Financial results of the Company for the Quarterly ended September 2023 .,26-Sep-2023 17:55:46,2023-09-26 17:55:46,26-Sep-2023 17:55:51,00:00:05,https://nsearchives.nseindia.com/corporate/xbrl/NESTLEIND_26092023175546_PRIOR_INTIMATION_10758_934796_26092023055545_WEB.xml,26-09-2023,2270.0,2306.2900390625,2259.60498046875,2300.554931640625,2280.8271484375,660010,0.0,0.0,04-10-2023,0
NESTLEIND,Nestle India Limited,Updates,"In terms of Regulation 39(3) of the Listing Regulations read with SEBI Master Circular No. SEBI/HO/MIRSD/POD-1/P/CIR/2023/70 dated 17th May 2023, find enclosed details of  Letter of Confirmation  issued on 4th September 2023 in lieu of duplicate share certificate(s) for the share certificate(s) reported lost.",04-Sep-2023 19:23:02,2023-09-04 19:23:02,04-Sep-2023 19:23:13,00:00:11,https://nsearchives.nseindia.com/corporate/NESTLEIND_04092023192302_STXIntimationIssueofLOCsigned.pdf,04-09-2023,2197.52001953125,2197.9951171875,2163.25,2173.820068359375,2155.178955078125,740910,0.0,0.0,11-09-2023,0
NESTLEIND,Nestle India Limited,Press Release,"Nestle India Limited has informed the Exchange regarding a press release dated August 31, 2023, titled ""Regulation 30 of the SEBI (Listing Obligations and Disclosure Requirements) Regulations, 2015 ( Listing Regulations ): Press Release"".",31-Aug-2023 14:06:05,2023-08-31 14:06:05,31-Aug-2023 14:06:19,00:00:14,https://nsearchives.nseindia.com/corporate/NESTLEIND_31082023140605_PressReleaseLaunchofNestleMasalaMilletssigned.pdf,31-08-2023,2225.0,2228.89990234375,2167.0048828125,2198.639892578125,2179.7861328125,2330650,0.0,0.0,07-09-2023,0
NESTLEIND,Nestle India Limited,Updates,"Nestle India Limited has informed the Exchange regarding 'Regulation 30 of the SEBI (Listing Obligations and Disclosure Requirements) Regulations, 2015: Disclosure of continuing event or information (i.e. ongoing litigations) of the Company'.",14-Aug-2023 21:47:45,2023-08-14 21:47:45,14-Aug-2023 21:47:59,00:00:14,https://nsearchives.nseindia.com/corporate/NESTLEIND_14082023214745_CommunicationSTX2023Signed.pdf,14-08-2023,2184.425048828125,2204.0,2170.925048828125,2189.949951171875,2171.170654296875,407880,0.0,0.0,22-08-2023,0
NESTLEIND,Nestle India Limited,Updates,"In terms of Regulation 39(3) of the Listing Regulations read with SEBI Master Circular No. SEBI/HO/MIRSD/POD-1/P/CIR/2023/70 dated 17th May 2023, find enclosed details of  Letter of Confirmation  issued on 14th August 2023 in lieu of duplicate share certificate(s) for the share certificate(s) reported lost",14-Aug-2023 20:23:59,2023-08-14 20:23:59,14-Aug-2023 20:24:15,00:00:16,https://nsearchives.nseindia.com/corporate/NESTLEIND_14082023202359_STXCoveringLetterLOCissued140823.pdf,14-08-2023,2184.425048828125,2204.0,2170.925048828125,2189.949951171875,2171.170654296875,407880,0.0,0.0,22-08-2023,0
NESTLEIND,Nestle India Limited,Updates,Nestle India Limited has informed the Exchange regarding ''.issue of Letter of Confirmation / Entitlement Letter in lieu of New Design Share Certificates to be issued for Old Design Share Certificates reported lost,14-Aug-2023 17:21:23,2023-08-14 17:21:23,14-Aug-2023 17:21:44,00:00:21,https://nsearchives.nseindia.com/corporate/NESTLEIND_14082023172124_STXIntimation.pdf,14-08-2023,2184.425048828125,2204.0,2170.925048828125,2189.949951171875,2171.170654296875,407880,0.0,0.0,22-08-2023,0
NESTLEIND,Nestle India Limited,Updates,"Nestle India Limited has informed the Exchange regarding 'In terms of Regulation 39(3) of the Listing Regulations read with SEBI Master Circular No. SEBI/HO/MIRSD/POD-1/P/CIR/2023/70 dated 17th May 2023, find enclosed details of  Letter of Confirmation  issued on 1st August 2023 in lieu of duplicate share certificate(s) for the share certificate(s) reported lost.'.",01-Aug-2023 20:22:42,2023-08-01 20:22:42,01-Aug-2023 20:22:56,00:00:14,https://nsearchives.nseindia.com/corporate/NESTLEIND_01082023202242_STXintimantionforISSUEofLOCsign.pdf,01-08-2023,2260.830078125,2269.0,2242.5,2259.3701171875,2239.99560546875,650190,0.0,0.0,08-08-2023,0
NESTLEIND,Nestle India Limited,News Clarification,"Nestle India Limited has informed the Exchange regarding a clarification on news item. The Company has clarified that ""This has reference to various news items in the media with regard to compliant filed before the National Consumer Dispute Redressal Commission. In this regard, Company wish to clarify that Company are yet to receive official notice about the complaint filedefore the National Consumer Dispute Redressal Commission (NCDRC). Company's current knowledge on this issue is only basis media reports. Company shall be able to provide substantive response after Company receive the official papers.""",12-Aug-2015 14:02:00,2015-08-12 14:02:00,-,-,https://nsearchives.nseindia.com/corporate/NESTLEIND_12082015140217.zip,12-08-2015,622.5,635.0,600.7050170898438,623.4299926757812,489.5151977539063,1144370,0.0,0.0,19-08-2015,0
NESTLEIND,Nestle India Limited,News Verification,"News about Nestle India Limited.   The media had reports that ""FSSAI lab gives Maggi clean chit."".   The Exchange, in order to verify the accuracy or otherwise of the information reported in the media and to inform the market place so that the interest of the investors is safeguarded, had written to the company.   Nestle India Limited has vide its letter inter-alia stated, ""Our information on the subject is only through media reports. As per the media reports, FSSAI approved laboratory of Central Food Technological Research Institute (CFTRI) has found Maggi Noodles in compliance with food safety standards on a testing of five samples sent by Goa Food and Drug Administration. We do not have any further information on this except what is reported in media. In case of receipt of any information, we shall revert. We are not aware of any information that has not been announced to the stock exchange, which would explain the aforesaid movement in trading"".",05-Aug-2015 12:45:00,2015-08-05 12:45:00,-,-,-,05-08-2015,680.0,699.7999877929688,659.02001953125,683.8350219726562,536.9451293945312,3645550,0.0,0.0,12-08-2015,-1
NESTLEIND,Nestle India Limited,News Verification,"The Exchange has sought clarification from Nestle India Limited, with respect to recent news item captioned ""FSSAI lab gives Maggi clean chit"". In this regard, the Exchange has advised the company to provide clarification/confirmation on the news item in detail including the following: a) Whether such negotiations were taking place and b) Whether you/company are aware of any information that has not been announced to the Exchanges which could explain the aforesaid movement in the trading. The response from the company is awaited.",05-Aug-2015 11:18:00,2015-08-05 11:18:00,-,-,-,05-08-2015,680.0,699.7999877929688,659.02001953125,683.8350219726562,536.9451293945312,3645550,0.0,0.0,12-08-2015,-1
NESTLEIND,Nestle India Limited,News Verification,"News Verification : The media had reports that ""Maggi in thicker soup as samples fail test in Delhi ."". The Exchange, in order to verify the accuracy or otherwise of the information reported in the media and to inform the market place so that the interest of the investors is safeguarded, had written to the company. Nestle India Limited has vide its letter inter-alia stated,'We wish to inform you that we have not received any official communication from the authorities so far. We wish to state that we have till now not received any orders from any State/Centre FDA authorities to recall MAGGI Noodle products in the market except an order from the Uttar Pradesh FDA dated 30.04.2015 asking us to recall a batch of MAGGI Noodles manufactured in February, 2014 which had already reached the `Best Before date' in November, 2014.""",03-Jun-2015 13:23:00,2015-06-03 13:23:00,-,-,-,03-06-2015,650.0,653.2999877929688,598.0,618.6950073242188,485.79730224609375,3904440,0.0,0.0,10-06-2015,0
NESTLEIND,Nestle India Limited,News Clarification,"The Exchange has sought clarification from Nestle India Limited with respect to recent news item captioned ""Maggi in thicker soup as samples fail test in Delhi."" In this regard, the Exchange has advised the Company to provide clarification/confirmation on the news item in detail including the following:   a) Whether company is aware of any information that has not been announced to the Exchanges.   The response from the Company is awaited. ",03-Jun-2015 11:38:00,2015-06-03 11:38:00,-,-,-,03-06-2015,650.0,653.2999877929688,598.0,618.6950073242188,485.79730224609375,3904440,0.0,0.0,10-06-2015,0
NESTLEIND,Nestle India Limited,News Verification,"News Verification : The media had reports that  ""Nestle plunges 6% intraday as UPFDA may file criminal case on Maggi row"" and ""Govt to review MSG content"". The Exchange, in order to verify the accuracy or otherwise of the information reported in the media and to inform the market place so that the interest of the investors is safeguarded, had written to the company. Nestle India Limited has vide its letter inter-alia stated, ""that we are not aware if UP FDA is filing any case against us. We are not aware of any information that has not been announced to the stock exchange, which would explain the aforesaid movement in trading.""",26-May-2015 19:31:00,2015-05-26 19:31:00,-,-,-,26-05-2015,696.0,699.2999877929688,653.510009765625,680.5349731445312,534.3539428710938,628400,0.0,0.0,02-06-2015,0
NESTLEIND,Nestle India Limited,News Verification,"News Verification : The media had reports that Nestle India Limited's parent to increase stake in Indian arm. The Exchange, in order to verify the accuracy or otherwise of the information reported in the media and to inform the market place so that the interest of the investors is safeguarded, had written to the company. Nestle India Limited has vide its letter inter-alia stated, ""We wish to clarify as under: 1. No such negotiations are talking place.  2. We are not aware of any such proposal of Nestle S.A. for increase of stake in Nestle India.  We also in this regard wish to draw your attention to the official response of Nestle S.A. (by Meike Schdmidt, their official spokesperson), also contained in the Financial Express news item, which is reproduced hereunder:  ""Currently we have no plans to increase our stake in Nestle India"".",28-Nov-2013 12:51:00,2013-11-28 12:51:00,-,-,-,28-11-2013,537.5,538.4000244140625,520.0,522.4400024414062,405.39068603515625,820220,0.0,0.0,05-12-2013,0
NESTLEIND,Nestle India Limited,Record Date,"Nestle India Limited has informed the Exchange that the company has fixed December 13, 2011 as the Record Date for determining entitlement of shareholders to the Second Interim Dividend for the year 2011,if declared by the Board.",28-Nov-2011 13:14:00,2011-11-28 13:14:00,-,-,-,28-11-2011,423.0950012207031,425.4299926757813,420.1499938964844,423.8699951171875,320.342529296875,53220,0.0,0.0,05-12-2011,0
